50,f,Pepsi
53,f,Pams
15,f,Pepsi
27,m,Phoenix
50,m,Pepsi
34,m,Pams
29,m,Other
22,f,Pepsi
38,m,Coke
11,f,Phoenix
7,m,Pepsi
23,f,Other
8,m,Pams
38,m,Pams
94,m,Coke
6,f,Pepsi
55,f,Other
20,f,Other
18,f,Other
21,m,Coke
92,m,Other
59,f,Pepsi
17,f,Other
2,m,Phoenix
48,m,Phoenix
75,m,Coke
59,m,Other
66,m,Coke
64,f,Other
74,f,Pepsi
7,f,Pams
27,f,Phoenix
29,f,Other
45,f,Pams
71,f,Pams
67,f,Other
25,m,Phoenix
57,m,Pepsi
56,m,Pams
17,m,Pepsi
46,f,Pepsi
58,m,Phoenix
21,f,Pepsi
12,m,Phoenix
64,f,Pams
9,m,Coke
63,m,Coke
61,f,Phoenix
90,f,Coke
14,m,Pams
73,f,Pams
60,f,Other
30,f,Coke
76,m,Phoenix
24,f,Pams
46,m,Phoenix
43,m,Coke
2,f,Phoenix
13,f,Coke
71,f,Pams
49,f,Other
73,f,Pepsi
78,m,Other
65,f,Phoenix
57,f,Other
46,f,Pepsi
95,m,Phoenix
20,f,Pams
74,m,Pepsi
67,f,Coke
72,m,Pepsi
17,m,Pams
77,f,Pams
59,f,Pepsi
46,f,Pepsi
19,f,Other
77,f,Phoenix
68,f,Phoenix
11,m,Pams
54,m,Other
99,m,Pams
6,m,Pepsi
44,f,Pepsi
65,f,Coke
73,f,Other
2,m,Coke
52,m,Pepsi
58,m,Coke
69,m,Pepsi
4,f,Phoenix
91,f,Pepsi
13,m,Other
16,f,Phoenix
65,m,Coke
16,f,Other
15,m,Pepsi
10,f,Other
16,m,Pepsi
19,f,Other
29,m,Pepsi
